GRANT ALL PRIVILEGES ON yw.* TO user@"%" IDENTIFIED BY "user";
FLUSH PRIVILEGES;
-- phpMyAdmin SQL Dump
-- version 5.1.0
-- https://www.phpmyadmin.net/
--
-- 主機： localhost:8889
-- 產生時間： 2022 年 08 月 30 日 12:41
-- 伺服器版本： 5.7.34
-- PHP 版本： 7.2.34

SET SQL_MODE = "NO_AUTO_VALUE_ON_ZERO";
START TRANSACTION;
SET time_zone = "+00:00";


/*!40101 SET @OLD_CHARACTER_SET_CLIENT=@@CHARACTER_SET_CLIENT */;
/*!40101 SET @OLD_CHARACTER_SET_RESULTS=@@CHARACTER_SET_RESULTS */;
/*!40101 SET @OLD_COLLATION_CONNECTION=@@COLLATION_CONNECTION */;
/*!40101 SET NAMES utf8mb4 */;

--
-- 資料庫： `yw`
--

-- --------------------------------------------------------

--
-- 資料表結構 `app_machine`
--

CREATE TABLE `app_machine` (
  `id` int(11) NOT NULL,
  `no` varchar(100) NOT NULL
) ENGINE=InnoDB DEFAULT CHARSET=utf8;

--
-- 傾印資料表的資料 `app_machine`
--

INSERT INTO `app_machine` (`id`, `no`) VALUES
(1, 'CAD01'),
(2, 'CAD02'),
(3, 'CAM01'),
(4, 'CAM02'),
(5, 'CNC01'),
(6, 'CNC02'),
(7, 'CNC03'),
(8, 'EDM01'),
(9, 'EDM02'),
(10, 'EDM03'),
(11, 'EDM04'),
(12, 'EDM05'),
(13, 'FILTER');

-- --------------------------------------------------------

--
-- 資料表結構 `app_molddata`
--

CREATE TABLE `app_molddata` (
  `id` int(11) NOT NULL,
  `mod_no` varchar(100) NOT NULL,
  `machine_id` int(11) NOT NULL,
  `process_id` int(11) NOT NULL,
  `staff_id` int(11) NOT NULL,
  `end_time` datetime(6) DEFAULT NULL,
  `start_time` datetime(6) NOT NULL,
  `status` int(11) NOT NULL,
  `times` json DEFAULT NULL
) ENGINE=InnoDB DEFAULT CHARSET=utf8;

--
-- 傾印資料表的資料 `app_molddata`
--

INSERT INTO `app_molddata` (`id`, `mod_no`, `machine_id`, `process_id`, `staff_id`, `end_time`, `start_time`, `status`, `times`) VALUES
(471, 'abc123', 1, 5, 1, '2022-08-24 08:27:17.000000', '2022-08-24 08:23:54.000000', 1, '{\"0\": {\"stop_time\": \"2022-08-24 16:27:02\", \"continue_time\": \"2022-08-24 16:27:09\"}}'),
(472, 'abc123', 3, 5, 2, '2022-08-24 08:27:41.000000', '2022-08-24 08:23:54.000000', 1, '{}'),
(473, 'abc123', 5, 5, 3, '2022-08-24 08:28:07.000000', '2022-08-24 08:23:54.000000', 1, '{}'),
(474, 'abc123', 8, 5, 5, '2022-08-24 08:28:33.000000', '2022-08-24 08:23:54.000000', 1, '{}'),
(475, 'abc123', 13, 5, 6, '2022-08-24 08:29:07.000000', '2022-08-24 08:23:54.000000', 1, '{\"0\": {\"stop_time\": \"2022-08-24 16:28:53\", \"continue_time\": \"2022-08-24 16:28:58\"}}'),
(476, '', 1, 5, 1, '2022-08-25 05:52:15.000000', '2022-08-25 05:52:00.000000', 1, '{\"0\": {\"stop_time\": \"2022-08-25 13:52:07\", \"continue_time\": \"2022-08-25 13:52:09\"}, \"1\": {\"stop_time\": \"2022-08-25 13:52:10\", \"continue_time\": \"2022-08-25 13:52:12\"}, \"2\": {\"stop_time\": \"2022-08-25 13:52:13\", \"continue_time\": \"2022-08-25 13:52:14\"}}'),
(477, 'abc123', 1, 5, 1, '2022-08-25 11:21:02.000000', '2022-08-25 10:55:10.000000', 1, '{\"0\": {\"stop_time\": \"2022-08-25 19:20:40\", \"continue_time\": \"2022-08-25 19:20:46\"}, \"1\": {\"stop_time\": \"2022-08-25 19:20:50\", \"continue_time\": \"2022-08-25 19:20:56\"}}'),
(478, 'abc123', 3, 5, 2, '2022-08-25 11:23:11.000000', '2022-08-25 10:55:10.000000', 1, '{}'),
(479, 'bcd456', 1, 5, 1, '2022-08-25 11:22:47.000000', '2022-08-25 10:55:10.000000', 1, '{}'),
(480, 'abc123', 5, 5, 3, '2022-08-25 11:24:12.000000', '2022-08-25 10:55:10.000000', 1, '{}'),
(481, 'bcd456', 6, 5, 3, '2022-08-25 11:24:07.000000', '2022-08-25 10:55:10.000000', 1, '{}'),
(482, 'abc123', 8, 5, 5, '2022-08-25 11:25:31.000000', '2022-08-25 10:55:10.000000', 1, '{}'),
(483, 'bcd456', 9, 5, 5, '2022-08-25 11:24:58.000000', '2022-08-25 10:55:10.000000', 1, '{\"0\": {\"stop_time\": \"2022-08-25 19:24:48\", \"continue_time\": \"2022-08-25 19:24:53\"}}'),
(484, 'abc123', 13, 5, 6, '2022-08-25 11:26:04.000000', '2022-08-25 10:55:10.000000', 1, '{}'),
(485, 'bcd456', 1, 5, 6, '2022-08-25 11:27:29.000000', '2022-08-25 10:55:10.000000', 1, '{}'),
(486, '', 1, 5, 1, NULL, '2022-08-26 10:16:49.000000', -1, '{\"0\": {\"stop_time\": \"2022-08-26 18:21:48\"}}');

-- --------------------------------------------------------

--
-- 資料表結構 `app_process`
--

CREATE TABLE `app_process` (
  `id` int(11) NOT NULL,
  `type` varchar(100) NOT NULL
) ENGINE=InnoDB DEFAULT CHARSET=utf8;

--
-- 傾印資料表的資料 `app_process`
--

INSERT INTO `app_process` (`id`, `type`) VALUES
(5, '新模'),
(6, '修模'),
(7, '設變'),
(8, '換模'),
(9, '保養'),
(10, '測試');

-- --------------------------------------------------------

--
-- 資料表結構 `app_staff`
--

CREATE TABLE `app_staff` (
  `id` int(11) NOT NULL,
  `name` varchar(100) NOT NULL
) ENGINE=InnoDB DEFAULT CHARSET=utf8;

--
-- 傾印資料表的資料 `app_staff`
--

INSERT INTO `app_staff` (`id`, `name`) VALUES
(1, '鍾孟哲'),
(2, '陳駿紳'),
(3, '李建長'),
(4, '黃國書'),
(5, '范振晏'),
(6, '林志俊');

-- --------------------------------------------------------

--
-- 資料表結構 `app_statistics`
--

CREATE TABLE `app_statistics` (
  `id` int(11) NOT NULL,
  `path` varchar(100) NOT NULL,
  `create_time` datetime(6) NOT NULL
) ENGINE=InnoDB DEFAULT CHARSET=utf8;

--
-- 傾印資料表的資料 `app_statistics`
--

INSERT INTO `app_statistics` (`id`, `path`, `create_time`) VALUES
(25, 'f313479b95403afe247ac6b583d2bfcc', '2022-08-29 19:12:57.000000');

-- --------------------------------------------------------

--
-- 資料表結構 `auth_group`
--

CREATE TABLE `auth_group` (
  `id` int(11) NOT NULL,
  `name` varchar(150) NOT NULL
) ENGINE=InnoDB DEFAULT CHARSET=utf8;

-- --------------------------------------------------------

--
-- 資料表結構 `auth_group_permissions`
--

CREATE TABLE `auth_group_permissions` (
  `id` bigint(20) NOT NULL,
  `group_id` int(11) NOT NULL,
  `permission_id` int(11) NOT NULL
) ENGINE=InnoDB DEFAULT CHARSET=utf8;

-- --------------------------------------------------------

--
-- 資料表結構 `auth_permission`
--

CREATE TABLE `auth_permission` (
  `id` int(11) NOT NULL,
  `name` varchar(255) NOT NULL,
  `content_type_id` int(11) NOT NULL,
  `codename` varchar(100) NOT NULL
) ENGINE=InnoDB DEFAULT CHARSET=utf8;

--
-- 傾印資料表的資料 `auth_permission`
--

INSERT INTO `auth_permission` (`id`, `name`, `content_type_id`, `codename`) VALUES
(1, 'Can add log entry', 1, 'add_logentry'),
(2, 'Can change log entry', 1, 'change_logentry'),
(3, 'Can delete log entry', 1, 'delete_logentry'),
(4, 'Can view log entry', 1, 'view_logentry'),
(5, 'Can add permission', 2, 'add_permission'),
(6, 'Can change permission', 2, 'change_permission'),
(7, 'Can delete permission', 2, 'delete_permission'),
(8, 'Can view permission', 2, 'view_permission'),
(9, 'Can add group', 3, 'add_group'),
(10, 'Can change group', 3, 'change_group'),
(11, 'Can delete group', 3, 'delete_group'),
(12, 'Can view group', 3, 'view_group'),
(13, 'Can add user', 4, 'add_user'),
(14, 'Can change user', 4, 'change_user'),
(15, 'Can delete user', 4, 'delete_user'),
(16, 'Can view user', 4, 'view_user'),
(17, 'Can add content type', 5, 'add_contenttype'),
(18, 'Can change content type', 5, 'change_contenttype'),
(19, 'Can delete content type', 5, 'delete_contenttype'),
(20, 'Can view content type', 5, 'view_contenttype'),
(21, 'Can add session', 6, 'add_session'),
(22, 'Can change session', 6, 'change_session'),
(23, 'Can delete session', 6, 'delete_session'),
(24, 'Can view session', 6, 'view_session'),
(25, 'Can add staff', 7, 'add_staff'),
(26, 'Can change staff', 7, 'change_staff'),
(27, 'Can delete staff', 7, 'delete_staff'),
(28, 'Can view staff', 7, 'view_staff'),
(29, 'Can add machine', 8, 'add_machine'),
(30, 'Can change machine', 8, 'change_machine'),
(31, 'Can delete machine', 8, 'delete_machine'),
(32, 'Can view machine', 8, 'view_machine'),
(33, 'Can add process', 9, 'add_process'),
(34, 'Can change process', 9, 'change_process'),
(35, 'Can delete process', 9, 'delete_process'),
(36, 'Can view process', 9, 'view_process'),
(37, 'Can add mold data', 10, 'add_molddata'),
(38, 'Can change mold data', 10, 'change_molddata'),
(39, 'Can delete mold data', 10, 'delete_molddata'),
(40, 'Can view mold data', 10, 'view_molddata'),
(41, 'Can add statics', 11, 'add_statics'),
(42, 'Can change statics', 11, 'change_statics'),
(43, 'Can delete statics', 11, 'delete_statics'),
(44, 'Can view statics', 11, 'view_statics'),
(45, 'Can add statistics', 12, 'add_statistics'),
(46, 'Can change statistics', 12, 'change_statistics'),
(47, 'Can delete statistics', 12, 'delete_statistics'),
(48, 'Can view statistics', 12, 'view_statistics');

-- --------------------------------------------------------

--
-- 資料表結構 `auth_user`
--

CREATE TABLE `auth_user` (
  `id` int(11) NOT NULL,
  `password` varchar(128) NOT NULL,
  `last_login` datetime(6) DEFAULT NULL,
  `is_superuser` tinyint(1) NOT NULL,
  `username` varchar(150) NOT NULL,
  `first_name` varchar(150) NOT NULL,
  `last_name` varchar(150) NOT NULL,
  `email` varchar(254) NOT NULL,
  `is_staff` tinyint(1) NOT NULL,
  `is_active` tinyint(1) NOT NULL,
  `date_joined` datetime(6) NOT NULL
) ENGINE=InnoDB DEFAULT CHARSET=utf8;

--
-- 傾印資料表的資料 `auth_user`
--

INSERT INTO `auth_user` (`id`, `password`, `last_login`, `is_superuser`, `username`, `first_name`, `last_name`, `email`, `is_staff`, `is_active`, `date_joined`) VALUES
(1, 'pbkdf2_sha256$260000$pGkEhy3aQyKtkiGAOLboAC$p8FTyj/wq4+LJTmGWh7i3+GMuX6nDGxJ3RkJ9TajXAo=', '2022-08-24 07:38:31.874784', 1, 'admin', '', '', '', 1, 1, '2022-08-19 04:48:10.729900');

-- --------------------------------------------------------

--
-- 資料表結構 `auth_user_groups`
--

CREATE TABLE `auth_user_groups` (
  `id` bigint(20) NOT NULL,
  `user_id` int(11) NOT NULL,
  `group_id` int(11) NOT NULL
) ENGINE=InnoDB DEFAULT CHARSET=utf8;

-- --------------------------------------------------------

--
-- 資料表結構 `auth_user_user_permissions`
--

CREATE TABLE `auth_user_user_permissions` (
  `id` bigint(20) NOT NULL,
  `user_id` int(11) NOT NULL,
  `permission_id` int(11) NOT NULL
) ENGINE=InnoDB DEFAULT CHARSET=utf8;

-- --------------------------------------------------------

--
-- 資料表結構 `django_admin_log`
--

CREATE TABLE `django_admin_log` (
  `id` int(11) NOT NULL,
  `action_time` datetime(6) NOT NULL,
  `object_id` longtext,
  `object_repr` varchar(200) NOT NULL,
  `action_flag` smallint(5) UNSIGNED NOT NULL,
  `change_message` longtext NOT NULL,
  `content_type_id` int(11) DEFAULT NULL,
  `user_id` int(11) NOT NULL
) ENGINE=InnoDB DEFAULT CHARSET=utf8;

--
-- 傾印資料表的資料 `django_admin_log`
--

INSERT INTO `django_admin_log` (`id`, `action_time`, `object_id`, `object_repr`, `action_flag`, `change_message`, `content_type_id`, `user_id`) VALUES
(1, '2022-08-19 04:48:41.151513', '1', 'Staff object (1)', 1, '[{\"added\": {}}]', 7, 1),
(2, '2022-08-19 04:48:45.703813', '2', 'Staff object (2)', 1, '[{\"added\": {}}]', 7, 1),
(3, '2022-08-19 04:48:51.001273', '3', 'Staff object (3)', 1, '[{\"added\": {}}]', 7, 1),
(4, '2022-08-19 04:48:55.660821', '4', 'Staff object (4)', 1, '[{\"added\": {}}]', 7, 1),
(5, '2022-08-19 04:49:00.633452', '5', 'Staff object (5)', 1, '[{\"added\": {}}]', 7, 1),
(6, '2022-08-19 04:49:05.334391', '6', 'Staff object (6)', 1, '[{\"added\": {}}]', 7, 1),
(7, '2022-08-19 05:33:29.921305', '1', 'Machine object (1)', 1, '[{\"added\": {}}]', 8, 1),
(8, '2022-08-19 05:33:32.399964', '2', 'Machine object (2)', 1, '[{\"added\": {}}]', 8, 1),
(9, '2022-08-19 05:33:43.448348', '3', 'Machine object (3)', 1, '[{\"added\": {}}]', 8, 1),
(10, '2022-08-19 05:33:46.199324', '4', 'Machine object (4)', 1, '[{\"added\": {}}]', 8, 1),
(11, '2022-08-19 05:33:51.899854', '5', 'Machine object (5)', 1, '[{\"added\": {}}]', 8, 1),
(12, '2022-08-19 05:33:53.617240', '6', 'Machine object (6)', 1, '[{\"added\": {}}]', 8, 1),
(13, '2022-08-19 05:33:59.197201', '7', 'Machine object (7)', 1, '[{\"added\": {}}]', 8, 1),
(14, '2022-08-19 05:34:06.024956', '8', 'Machine object (8)', 1, '[{\"added\": {}}]', 8, 1),
(15, '2022-08-19 05:34:08.167579', '9', 'Machine object (9)', 1, '[{\"added\": {}}]', 8, 1),
(16, '2022-08-19 05:34:09.837426', '10', 'Machine object (10)', 1, '[{\"added\": {}}]', 8, 1),
(17, '2022-08-19 05:34:11.765831', '11', 'Machine object (11)', 1, '[{\"added\": {}}]', 8, 1),
(18, '2022-08-19 05:34:14.585274', '12', 'Machine object (12)', 1, '[{\"added\": {}}]', 8, 1),
(19, '2022-08-19 05:34:19.735756', '13', 'Machine object (13)', 1, '[{\"added\": {}}]', 8, 1),
(20, '2022-08-19 05:35:03.018541', '1', 'Process object (1)', 1, '[{\"added\": {}}]', 9, 1),
(21, '2022-08-19 05:35:08.389760', '2', 'Process object (2)', 1, '[{\"added\": {}}]', 9, 1),
(22, '2022-08-19 05:35:13.565848', '3', 'Process object (3)', 1, '[{\"added\": {}}]', 9, 1),
(23, '2022-08-19 05:35:18.098066', '4', 'Process object (4)', 1, '[{\"added\": {}}]', 9, 1),
(24, '2022-08-19 05:35:24.437811', '4', 'Process object (4)', 2, '[{\"changed\": {\"fields\": [\"Type\"]}}]', 9, 1),
(25, '2022-08-19 05:35:29.055945', '4', 'Process object (4)', 2, '[{\"changed\": {\"fields\": [\"Type\"]}}]', 9, 1),
(26, '2022-08-19 05:35:47.063106', '4', 'Process object (4)', 3, '', 9, 1),
(27, '2022-08-19 05:35:47.066817', '3', 'Process object (3)', 3, '', 9, 1),
(28, '2022-08-19 05:35:47.068766', '2', 'Process object (2)', 3, '', 9, 1),
(29, '2022-08-19 05:35:47.075497', '1', 'Process object (1)', 3, '', 9, 1),
(30, '2022-08-19 05:35:51.967688', '5', 'Process object (5)', 1, '[{\"added\": {}}]', 9, 1),
(31, '2022-08-19 05:35:56.985746', '6', 'Process object (6)', 1, '[{\"added\": {}}]', 9, 1),
(32, '2022-08-19 05:36:02.352191', '7', 'Process object (7)', 1, '[{\"added\": {}}]', 9, 1),
(33, '2022-08-19 05:36:07.682821', '8', 'Process object (8)', 1, '[{\"added\": {}}]', 9, 1),
(34, '2022-08-19 05:36:12.570109', '9', 'Process object (9)', 1, '[{\"added\": {}}]', 9, 1),
(35, '2022-08-19 05:36:17.752394', '10', 'Process object (10)', 1, '[{\"added\": {}}]', 9, 1),
(36, '2022-08-19 08:31:25.944919', '5', 'MoldData object (5)', 3, '', 10, 1),
(37, '2022-08-19 08:31:25.950573', '4', 'MoldData object (4)', 3, '', 10, 1),
(38, '2022-08-19 08:31:25.952906', '3', 'MoldData object (3)', 3, '', 10, 1),
(39, '2022-08-19 08:31:25.954748', '2', 'MoldData object (2)', 3, '', 10, 1),
(40, '2022-08-19 08:31:25.955873', '1', 'MoldData object (1)', 3, '', 10, 1),
(41, '2022-08-19 08:34:23.363031', '157', 'MoldData object (157)', 3, '', 10, 1),
(42, '2022-08-19 08:34:23.367592', '156', 'MoldData object (156)', 3, '', 10, 1),
(43, '2022-08-19 08:34:23.369213', '155', 'MoldData object (155)', 3, '', 10, 1),
(44, '2022-08-19 08:34:23.370389', '154', 'MoldData object (154)', 3, '', 10, 1),
(45, '2022-08-19 08:34:23.371592', '153', 'MoldData object (153)', 3, '', 10, 1),
(46, '2022-08-19 08:34:23.372395', '152', 'MoldData object (152)', 3, '', 10, 1),
(47, '2022-08-19 08:34:23.373304', '151', 'MoldData object (151)', 3, '', 10, 1),
(48, '2022-08-19 08:34:23.374006', '150', 'MoldData object (150)', 3, '', 10, 1),
(49, '2022-08-19 08:34:23.377161', '149', 'MoldData object (149)', 3, '', 10, 1),
(50, '2022-08-19 08:34:23.377966', '148', 'MoldData object (148)', 3, '', 10, 1),
(51, '2022-08-19 08:34:23.378694', '147', 'MoldData object (147)', 3, '', 10, 1),
(52, '2022-08-19 08:34:23.379346', '146', 'MoldData object (146)', 3, '', 10, 1),
(53, '2022-08-19 08:34:23.380003', '145', 'MoldData object (145)', 3, '', 10, 1),
(54, '2022-08-19 08:34:23.380637', '144', 'MoldData object (144)', 3, '', 10, 1),
(55, '2022-08-19 08:34:23.381276', '143', 'MoldData object (143)', 3, '', 10, 1),
(56, '2022-08-19 08:34:23.382012', '142', 'MoldData object (142)', 3, '', 10, 1),
(57, '2022-08-19 08:34:23.382767', '141', 'MoldData object (141)', 3, '', 10, 1),
(58, '2022-08-19 08:34:23.383976', '140', 'MoldData object (140)', 3, '', 10, 1),
(59, '2022-08-19 08:34:23.385103', '139', 'MoldData object (139)', 3, '', 10, 1),
(60, '2022-08-19 08:34:23.386143', '138', 'MoldData object (138)', 3, '', 10, 1),
(61, '2022-08-19 08:34:23.387289', '137', 'MoldData object (137)', 3, '', 10, 1),
(62, '2022-08-19 08:34:23.388113', '136', 'MoldData object (136)', 3, '', 10, 1),
(63, '2022-08-19 08:34:23.388905', '135', 'MoldData object (135)', 3, '', 10, 1),
(64, '2022-08-19 08:34:23.389609', '134', 'MoldData object (134)', 3, '', 10, 1),
(65, '2022-08-19 08:34:23.390283', '133', 'MoldData object (133)', 3, '', 10, 1),
(66, '2022-08-19 08:34:23.390933', '132', 'MoldData object (132)', 3, '', 10, 1),
(67, '2022-08-19 08:34:23.391596', '131', 'MoldData object (131)', 3, '', 10, 1),
(68, '2022-08-19 08:34:23.392285', '130', 'MoldData object (130)', 3, '', 10, 1),
(69, '2022-08-19 08:34:23.392934', '129', 'MoldData object (129)', 3, '', 10, 1),
(70, '2022-08-19 08:34:23.393660', '128', 'MoldData object (128)', 3, '', 10, 1),
(71, '2022-08-19 08:34:23.394405', '127', 'MoldData object (127)', 3, '', 10, 1),
(72, '2022-08-19 08:34:23.395167', '126', 'MoldData object (126)', 3, '', 10, 1),
(73, '2022-08-19 08:34:23.395896', '125', 'MoldData object (125)', 3, '', 10, 1),
(74, '2022-08-19 08:34:23.396611', '124', 'MoldData object (124)', 3, '', 10, 1),
(75, '2022-08-19 08:34:23.397400', '123', 'MoldData object (123)', 3, '', 10, 1),
(76, '2022-08-19 08:34:23.398517', '122', 'MoldData object (122)', 3, '', 10, 1),
(77, '2022-08-19 08:34:23.400232', '121', 'MoldData object (121)', 3, '', 10, 1),
(78, '2022-08-19 08:34:23.401302', '120', 'MoldData object (120)', 3, '', 10, 1),
(79, '2022-08-19 08:34:23.402433', '119', 'MoldData object (119)', 3, '', 10, 1),
(80, '2022-08-19 08:34:23.403576', '118', 'MoldData object (118)', 3, '', 10, 1),
(81, '2022-08-19 08:34:23.404596', '117', 'MoldData object (117)', 3, '', 10, 1),
(82, '2022-08-19 08:34:23.405668', '116', 'MoldData object (116)', 3, '', 10, 1),
(83, '2022-08-19 08:34:23.406421', '115', 'MoldData object (115)', 3, '', 10, 1),
(84, '2022-08-19 08:34:23.407172', '114', 'MoldData object (114)', 3, '', 10, 1),
(85, '2022-08-19 08:34:23.407989', '113', 'MoldData object (113)', 3, '', 10, 1),
(86, '2022-08-19 08:34:23.408706', '112', 'MoldData object (112)', 3, '', 10, 1),
(87, '2022-08-19 08:34:23.409432', '111', 'MoldData object (111)', 3, '', 10, 1),
(88, '2022-08-19 08:34:23.410157', '110', 'MoldData object (110)', 3, '', 10, 1),
(89, '2022-08-19 08:34:23.410905', '109', 'MoldData object (109)', 3, '', 10, 1),
(90, '2022-08-19 08:34:23.411701', '108', 'MoldData object (108)', 3, '', 10, 1),
(91, '2022-08-19 08:34:23.412419', '107', 'MoldData object (107)', 3, '', 10, 1),
(92, '2022-08-19 08:34:23.413314', '106', 'MoldData object (106)', 3, '', 10, 1),
(93, '2022-08-19 08:34:23.414178', '105', 'MoldData object (105)', 3, '', 10, 1),
(94, '2022-08-19 08:34:23.415125', '104', 'MoldData object (104)', 3, '', 10, 1),
(95, '2022-08-19 08:34:23.416133', '103', 'MoldData object (103)', 3, '', 10, 1),
(96, '2022-08-19 08:34:23.417314', '102', 'MoldData object (102)', 3, '', 10, 1),
(97, '2022-08-19 08:34:23.418478', '101', 'MoldData object (101)', 3, '', 10, 1),
(98, '2022-08-19 08:34:23.420158', '100', 'MoldData object (100)', 3, '', 10, 1),
(99, '2022-08-19 08:34:23.421406', '99', 'MoldData object (99)', 3, '', 10, 1),
(100, '2022-08-19 08:34:23.422517', '98', 'MoldData object (98)', 3, '', 10, 1),
(101, '2022-08-19 08:34:23.423443', '97', 'MoldData object (97)', 3, '', 10, 1),
(102, '2022-08-19 08:34:23.424204', '96', 'MoldData object (96)', 3, '', 10, 1),
(103, '2022-08-19 08:34:23.424962', '95', 'MoldData object (95)', 3, '', 10, 1),
(104, '2022-08-19 08:34:23.425708', '94', 'MoldData object (94)', 3, '', 10, 1),
(105, '2022-08-19 08:34:23.426441', '93', 'MoldData object (93)', 3, '', 10, 1),
(106, '2022-08-19 08:34:23.427217', '92', 'MoldData object (92)', 3, '', 10, 1),
(107, '2022-08-19 08:34:23.427963', '91', 'MoldData object (91)', 3, '', 10, 1),
(108, '2022-08-19 08:34:23.428688', '90', 'MoldData object (90)', 3, '', 10, 1),
(109, '2022-08-19 08:34:23.429968', '89', 'MoldData object (89)', 3, '', 10, 1),
(110, '2022-08-19 08:34:23.431005', '88', 'MoldData object (88)', 3, '', 10, 1),
(111, '2022-08-19 08:34:23.432055', '87', 'MoldData object (87)', 3, '', 10, 1),
(112, '2022-08-19 08:34:23.433381', '86', 'MoldData object (86)', 3, '', 10, 1),
(113, '2022-08-19 08:34:23.434455', '85', 'MoldData object (85)', 3, '', 10, 1),
(114, '2022-08-19 08:34:23.435456', '84', 'MoldData object (84)', 3, '', 10, 1),
(115, '2022-08-19 08:34:23.436459', '83', 'MoldData object (83)', 3, '', 10, 1),
(116, '2022-08-19 08:34:23.437612', '82', 'MoldData object (82)', 3, '', 10, 1),
(117, '2022-08-19 08:34:23.438497', '81', 'MoldData object (81)', 3, '', 10, 1),
(118, '2022-08-19 08:34:23.439321', '80', 'MoldData object (80)', 3, '', 10, 1),
(119, '2022-08-19 08:34:23.440057', '79', 'MoldData object (79)', 3, '', 10, 1),
(120, '2022-08-19 08:34:23.441084', '78', 'MoldData object (78)', 3, '', 10, 1),
(121, '2022-08-19 08:34:23.441870', '77', 'MoldData object (77)', 3, '', 10, 1),
(122, '2022-08-19 08:34:23.442634', '76', 'MoldData object (76)', 3, '', 10, 1),
(123, '2022-08-19 08:34:23.443502', '75', 'MoldData object (75)', 3, '', 10, 1),
(124, '2022-08-19 08:34:23.446332', '74', 'MoldData object (74)', 3, '', 10, 1),
(125, '2022-08-19 08:34:23.447241', '73', 'MoldData object (73)', 3, '', 10, 1),
(126, '2022-08-19 08:34:23.448363', '72', 'MoldData object (72)', 3, '', 10, 1),
(127, '2022-08-19 08:34:23.449765', '71', 'MoldData object (71)', 3, '', 10, 1),
(128, '2022-08-19 08:34:23.451149', '70', 'MoldData object (70)', 3, '', 10, 1),
(129, '2022-08-19 08:34:23.452303', '69', 'MoldData object (69)', 3, '', 10, 1),
(130, '2022-08-19 08:34:23.453091', '68', 'MoldData object (68)', 3, '', 10, 1),
(131, '2022-08-19 08:34:23.453825', '67', 'MoldData object (67)', 3, '', 10, 1),
(132, '2022-08-19 08:34:23.454593', '66', 'MoldData object (66)', 3, '', 10, 1),
(133, '2022-08-19 08:34:23.455325', '65', 'MoldData object (65)', 3, '', 10, 1),
(134, '2022-08-19 08:34:23.456107', '64', 'MoldData object (64)', 3, '', 10, 1),
(135, '2022-08-19 08:34:23.457111', '63', 'MoldData object (63)', 3, '', 10, 1),
(136, '2022-08-19 08:34:23.458010', '62', 'MoldData object (62)', 3, '', 10, 1),
(137, '2022-08-19 08:34:23.459373', '61', 'MoldData object (61)', 3, '', 10, 1),
(138, '2022-08-19 08:34:23.460552', '60', 'MoldData object (60)', 3, '', 10, 1),
(139, '2022-08-19 08:34:23.461561', '59', 'MoldData object (59)', 3, '', 10, 1),
(140, '2022-08-19 08:34:23.462481', '58', 'MoldData object (58)', 3, '', 10, 1),
(141, '2022-08-19 08:34:28.670261', '57', 'MoldData object (57)', 3, '', 10, 1),
(142, '2022-08-19 08:34:28.672174', '56', 'MoldData object (56)', 3, '', 10, 1),
(143, '2022-08-19 08:34:28.673244', '55', 'MoldData object (55)', 3, '', 10, 1),
(144, '2022-08-19 08:34:28.674273', '54', 'MoldData object (54)', 3, '', 10, 1),
(145, '2022-08-19 08:34:28.675272', '53', 'MoldData object (53)', 3, '', 10, 1),
(146, '2022-08-19 08:34:28.676423', '52', 'MoldData object (52)', 3, '', 10, 1),
(147, '2022-08-19 08:34:28.677347', '51', 'MoldData object (51)', 3, '', 10, 1),
(148, '2022-08-19 08:34:28.678212', '50', 'MoldData object (50)', 3, '', 10, 1),
(149, '2022-08-19 08:34:28.679479', '49', 'MoldData object (49)', 3, '', 10, 1),
(150, '2022-08-19 08:34:28.680340', '48', 'MoldData object (48)', 3, '', 10, 1),
(151, '2022-08-19 08:34:28.681194', '47', 'MoldData object (47)', 3, '', 10, 1),
(152, '2022-08-19 08:34:28.681970', '46', 'MoldData object (46)', 3, '', 10, 1),
(153, '2022-08-19 08:34:28.682824', '45', 'MoldData object (45)', 3, '', 10, 1),
(154, '2022-08-19 08:34:28.683941', '44', 'MoldData object (44)', 3, '', 10, 1),
(155, '2022-08-19 08:34:28.684969', '43', 'MoldData object (43)', 3, '', 10, 1),
(156, '2022-08-19 08:34:28.686097', '42', 'MoldData object (42)', 3, '', 10, 1),
(157, '2022-08-19 08:34:28.687270', '41', 'MoldData object (41)', 3, '', 10, 1),
(158, '2022-08-19 08:34:28.688334', '40', 'MoldData object (40)', 3, '', 10, 1),
(159, '2022-08-19 08:34:28.689082', '39', 'MoldData object (39)', 3, '', 10, 1),
(160, '2022-08-19 08:34:28.689863', '38', 'MoldData object (38)', 3, '', 10, 1),
(161, '2022-08-19 08:34:28.690669', '37', 'MoldData object (37)', 3, '', 10, 1),
(162, '2022-08-19 08:34:28.691399', '36', 'MoldData object (36)', 3, '', 10, 1),
(163, '2022-08-19 08:34:28.692412', '35', 'MoldData object (35)', 3, '', 10, 1),
(164, '2022-08-19 08:34:28.693165', '34', 'MoldData object (34)', 3, '', 10, 1),
(165, '2022-08-19 08:34:28.693899', '33', 'MoldData object (33)', 3, '', 10, 1),
(166, '2022-08-19 08:34:28.694595', '32', 'MoldData object (32)', 3, '', 10, 1),
(167, '2022-08-19 08:34:28.695443', '31', 'MoldData object (31)', 3, '', 10, 1),
(168, '2022-08-19 08:34:28.696426', '30', 'MoldData object (30)', 3, '', 10, 1),
(169, '2022-08-19 08:34:28.697311', '29', 'MoldData object (29)', 3, '', 10, 1),
(170, '2022-08-19 08:34:28.698219', '28', 'MoldData object (28)', 3, '', 10, 1),
(171, '2022-08-19 08:34:28.699107', '27', 'MoldData object (27)', 3, '', 10, 1),
(172, '2022-08-19 08:34:28.700058', '26', 'MoldData object (26)', 3, '', 10, 1),
(173, '2022-08-19 08:34:28.701009', '25', 'MoldData object (25)', 3, '', 10, 1),
(174, '2022-08-19 08:34:28.701973', '24', 'MoldData object (24)', 3, '', 10, 1),
(175, '2022-08-19 08:34:28.702921', '23', 'MoldData object (23)', 3, '', 10, 1),
(176, '2022-08-19 08:34:28.704202', '22', 'MoldData object (22)', 3, '', 10, 1),
(177, '2022-08-19 08:34:28.705198', '21', 'MoldData object (21)', 3, '', 10, 1),
(178, '2022-08-19 08:34:28.706132', '20', 'MoldData object (20)', 3, '', 10, 1),
(179, '2022-08-19 08:34:28.707017', '19', 'MoldData object (19)', 3, '', 10, 1),
(180, '2022-08-19 08:34:28.707907', '18', 'MoldData object (18)', 3, '', 10, 1),
(181, '2022-08-19 08:34:28.709464', '17', 'MoldData object (17)', 3, '', 10, 1),
(182, '2022-08-19 08:34:28.710688', '16', 'MoldData object (16)', 3, '', 10, 1),
(183, '2022-08-19 08:34:28.711854', '15', 'MoldData object (15)', 3, '', 10, 1),
(184, '2022-08-19 08:34:28.713125', '14', 'MoldData object (14)', 3, '', 10, 1),
(185, '2022-08-19 08:34:28.714162', '13', 'MoldData object (13)', 3, '', 10, 1),
(186, '2022-08-19 08:34:28.715050', '12', 'MoldData object (12)', 3, '', 10, 1),
(187, '2022-08-19 08:34:28.716109', '11', 'MoldData object (11)', 3, '', 10, 1),
(188, '2022-08-19 08:34:28.717217', '10', 'MoldData object (10)', 3, '', 10, 1),
(189, '2022-08-19 08:34:28.718239', '9', 'MoldData object (9)', 3, '', 10, 1),
(190, '2022-08-19 08:34:28.719165', '8', 'MoldData object (8)', 3, '', 10, 1),
(191, '2022-08-19 08:34:28.720513', '7', 'MoldData object (7)', 3, '', 10, 1),
(192, '2022-08-19 08:34:28.721497', '6', 'MoldData object (6)', 3, '', 10, 1),
(193, '2022-08-19 08:58:02.376398', '309', 'MoldData object (309)', 3, '', 10, 1),
(194, '2022-08-19 08:58:02.386193', '308', 'MoldData object (308)', 3, '', 10, 1),
(195, '2022-08-19 08:58:02.387366', '307', 'MoldData object (307)', 3, '', 10, 1),
(196, '2022-08-19 08:58:02.388052', '306', 'MoldData object (306)', 3, '', 10, 1),
(197, '2022-08-19 08:58:02.388695', '305', 'MoldData object (305)', 3, '', 10, 1),
(198, '2022-08-19 08:58:02.389321', '304', 'MoldData object (304)', 3, '', 10, 1),
(199, '2022-08-19 08:58:02.389916', '303', 'MoldData object (303)', 3, '', 10, 1),
(200, '2022-08-19 08:58:02.390530', '302', 'MoldData object (302)', 3, '', 10, 1),
(201, '2022-08-19 08:58:02.391277', '301', 'MoldData object (301)', 3, '', 10, 1),
(202, '2022-08-19 08:58:02.392427', '300', 'MoldData object (300)', 3, '', 10, 1),
(203, '2022-08-19 08:58:02.393162', '299', 'MoldData object (299)', 3, '', 10, 1),
(204, '2022-08-19 08:58:02.393788', '298', 'MoldData object (298)', 3, '', 10, 1),
(205, '2022-08-19 08:58:02.394451', '297', 'MoldData object (297)', 3, '', 10, 1),
(206, '2022-08-19 08:58:02.395187', '296', 'MoldData object (296)', 3, '', 10, 1),
(207, '2022-08-19 08:58:02.396153', '295', 'MoldData object (295)', 3, '', 10, 1),
(208, '2022-08-19 08:58:02.397705', '294', 'MoldData object (294)', 3, '', 10, 1),
(209, '2022-08-19 08:58:02.399429', '293', 'MoldData object (293)', 3, '', 10, 1),
(210, '2022-08-19 08:58:02.400492', '292', 'MoldData object (292)', 3, '', 10, 1),
(211, '2022-08-19 08:58:02.401248', '291', 'MoldData object (291)', 3, '', 10, 1),
(212, '2022-08-19 08:58:02.401788', '290', 'MoldData object (290)', 3, '', 10, 1),
(213, '2022-08-19 08:58:02.402308', '289', 'MoldData object (289)', 3, '', 10, 1),
(214, '2022-08-19 08:58:02.402777', '288', 'MoldData object (288)', 3, '', 10, 1),
(215, '2022-08-19 08:58:02.403259', '287', 'MoldData object (287)', 3, '', 10, 1),
(216, '2022-08-19 08:58:02.403732', '286', 'MoldData object (286)', 3, '', 10, 1),
(217, '2022-08-19 08:58:02.405736', '285', 'MoldData object (285)', 3, '', 10, 1),
(218, '2022-08-19 08:58:02.406200', '284', 'MoldData object (284)', 3, '', 10, 1),
(219, '2022-08-19 08:58:02.406649', '283', 'MoldData object (283)', 3, '', 10, 1),
(220, '2022-08-19 08:58:02.407144', '282', 'MoldData object (282)', 3, '', 10, 1),
(221, '2022-08-19 08:58:02.407872', '281', 'MoldData object (281)', 3, '', 10, 1),
(222, '2022-08-19 08:58:02.409018', '280', 'MoldData object (280)', 3, '', 10, 1),
(223, '2022-08-19 08:58:02.409519', '279', 'MoldData object (279)', 3, '', 10, 1),
(224, '2022-08-19 08:58:02.409919', '278', 'MoldData object (278)', 3, '', 10, 1),
(225, '2022-08-19 08:58:02.410316', '277', 'MoldData object (277)', 3, '', 10, 1),
(226, '2022-08-19 08:58:02.410709', '276', 'MoldData object (276)', 3, '', 10, 1),
(227, '2022-08-19 08:58:02.411101', '275', 'MoldData object (275)', 3, '', 10, 1),
(228, '2022-08-19 08:58:02.411444', '274', 'MoldData object (274)', 3, '', 10, 1),
(229, '2022-08-19 08:58:02.411773', '273', 'MoldData object (273)', 3, '', 10, 1),
(230, '2022-08-19 08:58:02.412101', '272', 'MoldData object (272)', 3, '', 10, 1),
(231, '2022-08-19 08:58:02.412425', '271', 'MoldData object (271)', 3, '', 10, 1),
(232, '2022-08-19 08:58:02.412753', '270', 'MoldData object (270)', 3, '', 10, 1),
(233, '2022-08-19 08:58:02.413078', '269', 'MoldData object (269)', 3, '', 10, 1),
(234, '2022-08-19 08:58:02.413401', '268', 'MoldData object (268)', 3, '', 10, 1),
(235, '2022-08-19 08:58:02.413734', '267', 'MoldData object (267)', 3, '', 10, 1),
(236, '2022-08-19 08:58:02.414064', '266', 'MoldData object (266)', 3, '', 10, 1),
(237, '2022-08-19 08:58:02.414607', '265', 'MoldData object (265)', 3, '', 10, 1),
(238, '2022-08-19 08:58:02.414960', '264', 'MoldData object (264)', 3, '', 10, 1),
(239, '2022-08-19 08:58:02.415353', '263', 'MoldData object (263)', 3, '', 10, 1),
(240, '2022-08-19 08:58:02.415700', '262', 'MoldData object (262)', 3, '', 10, 1),
(241, '2022-08-19 08:58:02.416030', '261', 'MoldData object (261)', 3, '', 10, 1),
(242, '2022-08-19 08:58:02.416366', '260', 'MoldData object (260)', 3, '', 10, 1),
(243, '2022-08-19 08:58:02.416686', '259', 'MoldData object (259)', 3, '', 10, 1),
(244, '2022-08-19 08:58:02.417012', '258', 'MoldData object (258)', 3, '', 10, 1),
(245, '2022-08-19 08:58:02.417345', '257', 'MoldData object (257)', 3, '', 10, 1),
(246, '2022-08-19 08:58:02.417670', '256', 'MoldData object (256)', 3, '', 10, 1),
(247, '2022-08-19 08:58:02.417994', '255', 'MoldData object (255)', 3, '', 10, 1),
(248, '2022-08-19 08:58:02.418308', '254', 'MoldData object (254)', 3, '', 10, 1),
(249, '2022-08-19 08:58:02.418636', '253', 'MoldData object (253)', 3, '', 10, 1),
(250, '2022-08-19 08:58:02.418942', '252', 'MoldData object (252)', 3, '', 10, 1),
(251, '2022-08-19 08:58:02.419257', '251', 'MoldData object (251)', 3, '', 10, 1),
(252, '2022-08-19 08:58:02.419583', '250', 'MoldData object (250)', 3, '', 10, 1),
(253, '2022-08-19 08:58:02.419903', '249', 'MoldData object (249)', 3, '', 10, 1),
(254, '2022-08-19 08:58:02.420218', '248', 'MoldData object (248)', 3, '', 10, 1),
(255, '2022-08-19 08:58:02.420534', '247', 'MoldData object (247)', 3, '', 10, 1),
(256, '2022-08-19 08:58:02.420849', '246', 'MoldData object (246)', 3, '', 10, 1),
(257, '2022-08-19 08:58:02.421177', '245', 'MoldData object (245)', 3, '', 10, 1),
(258, '2022-08-19 08:58:02.421512', '244', 'MoldData object (244)', 3, '', 10, 1),
(259, '2022-08-19 08:58:02.421843', '243', 'MoldData object (243)', 3, '', 10, 1),
(260, '2022-08-19 08:58:02.422166', '242', 'MoldData object (242)', 3, '', 10, 1),
(261, '2022-08-19 08:58:02.422494', '241', 'MoldData object (241)', 3, '', 10, 1),
(262, '2022-08-19 08:58:02.422822', '240', 'MoldData object (240)', 3, '', 10, 1),
(263, '2022-08-19 08:58:02.423144', '239', 'MoldData object (239)', 3, '', 10, 1),
(264, '2022-08-19 08:58:02.423448', '238', 'MoldData object (238)', 3, '', 10, 1),
(265, '2022-08-19 08:58:02.423750', '237', 'MoldData object (237)', 3, '', 10, 1),
(266, '2022-08-19 08:58:02.424055', '236', 'MoldData object (236)', 3, '', 10, 1),
(267, '2022-08-19 08:58:02.424361', '235', 'MoldData object (235)', 3, '', 10, 1),
(268, '2022-08-19 08:58:02.424666', '234', 'MoldData object (234)', 3, '', 10, 1),
(269, '2022-08-19 08:58:02.424969', '233', 'MoldData object (233)', 3, '', 10, 1),
(270, '2022-08-19 08:58:02.425270', '232', 'MoldData object (232)', 3, '', 10, 1),
(271, '2022-08-19 08:58:02.425573', '231', 'MoldData object (231)', 3, '', 10, 1),
(272, '2022-08-19 08:58:02.425877', '230', 'MoldData object (230)', 3, '', 10, 1),
(273, '2022-08-19 08:58:02.426176', '229', 'MoldData object (229)', 3, '', 10, 1),
(274, '2022-08-19 08:58:02.426482', '228', 'MoldData object (228)', 3, '', 10, 1),
(275, '2022-08-19 08:58:02.426788', '227', 'MoldData object (227)', 3, '', 10, 1),
(276, '2022-08-19 08:58:02.427101', '226', 'MoldData object (226)', 3, '', 10, 1),
(277, '2022-08-19 08:58:02.427396', '225', 'MoldData object (225)', 3, '', 10, 1),
(278, '2022-08-19 08:58:02.427703', '224', 'MoldData object (224)', 3, '', 10, 1),
(279, '2022-08-19 08:58:02.427981', '223', 'MoldData object (223)', 3, '', 10, 1),
(280, '2022-08-19 08:58:02.428287', '222', 'MoldData object (222)', 3, '', 10, 1),
(281, '2022-08-19 08:58:02.428641', '221', 'MoldData object (221)', 3, '', 10, 1),
(282, '2022-08-19 08:58:02.428969', '220', 'MoldData object (220)', 3, '', 10, 1),
(283, '2022-08-19 08:58:02.429246', '219', 'MoldData object (219)', 3, '', 10, 1),
(284, '2022-08-19 08:58:02.429516', '218', 'MoldData object (218)', 3, '', 10, 1),
(285, '2022-08-19 08:58:02.429799', '217', 'MoldData object (217)', 3, '', 10, 1),
(286, '2022-08-19 08:58:02.430126', '216', 'MoldData object (216)', 3, '', 10, 1),
(287, '2022-08-19 08:58:02.430407', '215', 'MoldData object (215)', 3, '', 10, 1),
(288, '2022-08-19 08:58:02.430717', '214', 'MoldData object (214)', 3, '', 10, 1),
(289, '2022-08-19 08:58:02.430999', '213', 'MoldData object (213)', 3, '', 10, 1),
(290, '2022-08-19 08:58:02.431277', '212', 'MoldData object (212)', 3, '', 10, 1),
(291, '2022-08-19 08:58:02.431549', '211', 'MoldData object (211)', 3, '', 10, 1),
(292, '2022-08-19 08:58:02.431823', '210', 'MoldData object (210)', 3, '', 10, 1),
(293, '2022-08-19 08:58:07.823613', '209', 'MoldData object (209)', 3, '', 10, 1),
(294, '2022-08-19 08:58:07.825414', '208', 'MoldData object (208)', 3, '', 10, 1),
(295, '2022-08-19 08:58:07.826596', '207', 'MoldData object (207)', 3, '', 10, 1),
(296, '2022-08-19 08:58:07.827668', '206', 'MoldData object (206)', 3, '', 10, 1),
(297, '2022-08-19 08:58:07.828833', '205', 'MoldData object (205)', 3, '', 10, 1),
(298, '2022-08-19 08:58:07.829595', '204', 'MoldData object (204)', 3, '', 10, 1),
(299, '2022-08-19 08:58:07.830398', '203', 'MoldData object (203)', 3, '', 10, 1),
(300, '2022-08-19 08:58:07.831159', '202', 'MoldData object (202)', 3, '', 10, 1),
(301, '2022-08-19 08:58:07.831867', '201', 'MoldData object (201)', 3, '', 10, 1),
(302, '2022-08-19 08:58:07.832599', '200', 'MoldData object (200)', 3, '', 10, 1),
(303, '2022-08-19 08:58:07.833296', '199', 'MoldData object (199)', 3, '', 10, 1),
(304, '2022-08-19 08:58:07.834003', '198', 'MoldData object (198)', 3, '', 10, 1),
(305, '2022-08-19 08:58:07.834688', '197', 'MoldData object (197)', 3, '', 10, 1),
(306, '2022-08-19 08:58:07.835840', '196', 'MoldData object (196)', 3, '', 10, 1),
(307, '2022-08-19 08:58:07.836602', '195', 'MoldData object (195)', 3, '', 10, 1),
(308, '2022-08-19 08:58:07.837289', '194', 'MoldData object (194)', 3, '', 10, 1),
(309, '2022-08-19 08:58:07.837984', '193', 'MoldData object (193)', 3, '', 10, 1),
(310, '2022-08-19 08:58:07.838768', '192', 'MoldData object (192)', 3, '', 10, 1),
(311, '2022-08-19 08:58:07.839741', '191', 'MoldData object (191)', 3, '', 10, 1),
(312, '2022-08-19 08:58:07.840637', '190', 'MoldData object (190)', 3, '', 10, 1),
(313, '2022-08-19 08:58:07.842115', '189', 'MoldData object (189)', 3, '', 10, 1),
(314, '2022-08-19 08:58:07.843334', '188', 'MoldData object (188)', 3, '', 10, 1),
(315, '2022-08-19 08:58:07.844519', '187', 'MoldData object (187)', 3, '', 10, 1),
(316, '2022-08-19 08:58:07.845649', '186', 'MoldData object (186)', 3, '', 10, 1),
(317, '2022-08-19 08:58:07.846861', '185', 'MoldData object (185)', 3, '', 10, 1),
(318, '2022-08-19 08:58:07.847997', '184', 'MoldData object (184)', 3, '', 10, 1),
(319, '2022-08-19 08:58:07.848842', '183', 'MoldData object (183)', 3, '', 10, 1),
(320, '2022-08-19 08:58:07.849646', '182', 'MoldData object (182)', 3, '', 10, 1),
(321, '2022-08-19 08:58:07.850553', '181', 'MoldData object (181)', 3, '', 10, 1),
(322, '2022-08-19 08:58:07.851430', '180', 'MoldData object (180)', 3, '', 10, 1),
(323, '2022-08-19 08:58:07.852292', '179', 'MoldData object (179)', 3, '', 10, 1),
(324, '2022-08-19 08:58:07.853100', '178', 'MoldData object (178)', 3, '', 10, 1),
(325, '2022-08-19 08:58:07.853933', '177', 'MoldData object (177)', 3, '', 10, 1),
(326, '2022-08-19 08:58:07.854814', '176', 'MoldData object (176)', 3, '', 10, 1),
(327, '2022-08-19 08:58:07.855692', '175', 'MoldData object (175)', 3, '', 10, 1),
(328, '2022-08-19 08:58:07.856472', '174', 'MoldData object (174)', 3, '', 10, 1),
(329, '2022-08-19 08:58:07.857289', '173', 'MoldData object (173)', 3, '', 10, 1),
(330, '2022-08-19 08:58:07.859139', '172', 'MoldData object (172)', 3, '', 10, 1),
(331, '2022-08-19 08:58:07.860561', '171', 'MoldData object (171)', 3, '', 10, 1),
(332, '2022-08-19 08:58:07.861702', '170', 'MoldData object (170)', 3, '', 10, 1),
(333, '2022-08-19 08:58:07.862740', '169', 'MoldData object (169)', 3, '', 10, 1),
(334, '2022-08-19 08:58:07.863689', '168', 'MoldData object (168)', 3, '', 10, 1),
(335, '2022-08-19 08:58:07.864867', '167', 'MoldData object (167)', 3, '', 10, 1),
(336, '2022-08-19 08:58:07.867641', '166', 'MoldData object (166)', 3, '', 10, 1),
(337, '2022-08-19 08:58:07.868408', '165', 'MoldData object (165)', 3, '', 10, 1),
(338, '2022-08-19 08:58:07.868967', '164', 'MoldData object (164)', 3, '', 10, 1),
(339, '2022-08-19 08:58:07.869566', '163', 'MoldData object (163)', 3, '', 10, 1),
(340, '2022-08-19 08:58:07.870148', '162', 'MoldData object (162)', 3, '', 10, 1),
(341, '2022-08-19 08:58:07.870923', '161', 'MoldData object (161)', 3, '', 10, 1),
(342, '2022-08-19 08:58:07.871735', '160', 'MoldData object (160)', 3, '', 10, 1),
(343, '2022-08-19 08:58:07.872497', '159', 'MoldData object (159)', 3, '', 10, 1),
(344, '2022-08-19 08:58:07.873325', '158', 'MoldData object (158)', 3, '', 10, 1),
(345, '2022-08-19 09:13:39.367315', '462', 'MoldData object (462)', 2, '[{\"changed\": {\"fields\": [\"Status\"]}}]', 10, 1),
(346, '2022-08-19 09:37:41.282184', '466', 'MoldData object (466)', 3, '', 10, 1),
(347, '2022-08-19 09:37:41.289974', '465', 'MoldData object (465)', 3, '', 10, 1),
(348, '2022-08-19 09:37:41.292768', '464', 'MoldData object (464)', 3, '', 10, 1),
(349, '2022-08-19 09:37:41.294217', '463', 'MoldData object (463)', 3, '', 10, 1),
(350, '2022-08-19 09:37:41.296048', '462', 'MoldData object (462)', 3, '', 10, 1),
(351, '2022-08-19 09:56:41.253791', '468', 'MoldData object (468)', 3, '', 10, 1),
(352, '2022-08-19 09:56:41.260633', '467', 'MoldData object (467)', 3, '', 10, 1),
(353, '2022-08-24 08:26:32.164961', '470', 'MoldData object (470)', 3, '', 10, 1),
(354, '2022-08-24 08:26:32.168753', '469', 'MoldData object (469)', 3, '', 10, 1),
(355, '2022-08-24 08:26:32.169772', '468', 'MoldData object (468)', 3, '', 10, 1),
(356, '2022-08-24 08:26:32.170533', '467', 'MoldData object (467)', 3, '', 10, 1),
(357, '2022-08-24 08:26:32.171296', '466', 'MoldData object (466)', 3, '', 10, 1),
(358, '2022-08-24 08:26:32.172919', '465', 'MoldData object (465)', 3, '', 10, 1),
(359, '2022-08-24 08:26:32.173742', '464', 'MoldData object (464)', 3, '', 10, 1),
(360, '2022-08-24 08:26:32.175109', '463', 'MoldData object (463)', 3, '', 10, 1),
(361, '2022-08-24 08:26:32.176377', '462', 'MoldData object (462)', 3, '', 10, 1),
(362, '2022-08-24 08:26:32.177497', '461', 'MoldData object (461)', 3, '', 10, 1),
(363, '2022-08-24 08:26:32.178487', '460', 'MoldData object (460)', 3, '', 10, 1),
(364, '2022-08-24 08:26:32.179317', '459', 'MoldData object (459)', 3, '', 10, 1),
(365, '2022-08-24 08:26:32.180206', '458', 'MoldData object (458)', 3, '', 10, 1),
(366, '2022-08-24 08:26:32.181322', '457', 'MoldData object (457)', 3, '', 10, 1),
(367, '2022-08-24 08:26:32.182578', '456', 'MoldData object (456)', 3, '', 10, 1),
(368, '2022-08-24 08:26:32.183708', '455', 'MoldData object (455)', 3, '', 10, 1),
(369, '2022-08-24 08:26:32.184595', '454', 'MoldData object (454)', 3, '', 10, 1),
(370, '2022-08-24 08:26:32.185372', '453', 'MoldData object (453)', 3, '', 10, 1),
(371, '2022-08-24 08:26:32.186697', '452', 'MoldData object (452)', 3, '', 10, 1),
(372, '2022-08-24 08:26:32.187469', '451', 'MoldData object (451)', 3, '', 10, 1),
(373, '2022-08-24 08:26:32.188295', '450', 'MoldData object (450)', 3, '', 10, 1),
(374, '2022-08-24 08:26:32.189137', '449', 'MoldData object (449)', 3, '', 10, 1),
(375, '2022-08-24 08:26:32.189914', '448', 'MoldData object (448)', 3, '', 10, 1),
(376, '2022-08-24 08:26:32.190917', '447', 'MoldData object (447)', 3, '', 10, 1),
(377, '2022-08-24 08:26:32.191819', '446', 'MoldData object (446)', 3, '', 10, 1),
(378, '2022-08-24 08:26:32.192646', '445', 'MoldData object (445)', 3, '', 10, 1),
(379, '2022-08-24 08:26:32.194217', '444', 'MoldData object (444)', 3, '', 10, 1),
(380, '2022-08-24 08:26:32.195609', '443', 'MoldData object (443)', 3, '', 10, 1),
(381, '2022-08-24 08:26:32.196489', '442', 'MoldData object (442)', 3, '', 10, 1),
(382, '2022-08-24 08:26:32.198097', '441', 'MoldData object (441)', 3, '', 10, 1),
(383, '2022-08-24 08:26:32.199452', '440', 'MoldData object (440)', 3, '', 10, 1),
(384, '2022-08-24 08:26:32.201740', '439', 'MoldData object (439)', 3, '', 10, 1),
(385, '2022-08-24 08:26:32.202994', '438', 'MoldData object (438)', 3, '', 10, 1),
(386, '2022-08-24 08:26:32.204232', '437', 'MoldData object (437)', 3, '', 10, 1),
(387, '2022-08-24 08:26:32.205024', '436', 'MoldData object (436)', 3, '', 10, 1),
(388, '2022-08-24 08:26:32.205837', '435', 'MoldData object (435)', 3, '', 10, 1),
(389, '2022-08-24 08:26:32.206614', '434', 'MoldData object (434)', 3, '', 10, 1),
(390, '2022-08-24 08:26:32.207350', '433', 'MoldData object (433)', 3, '', 10, 1),
(391, '2022-08-24 08:26:32.208127', '432', 'MoldData object (432)', 3, '', 10, 1),
(392, '2022-08-24 08:26:32.208868', '431', 'MoldData object (431)', 3, '', 10, 1),
(393, '2022-08-24 08:26:32.209774', '430', 'MoldData object (430)', 3, '', 10, 1),
(394, '2022-08-24 08:26:32.211395', '429', 'MoldData object (429)', 3, '', 10, 1),
(395, '2022-08-24 08:26:32.213688', '428', 'MoldData object (428)', 3, '', 10, 1),
(396, '2022-08-24 08:26:32.214889', '427', 'MoldData object (427)', 3, '', 10, 1),
(397, '2022-08-24 08:26:32.216164', '426', 'MoldData object (426)', 3, '', 10, 1),
(398, '2022-08-24 08:26:32.217432', '425', 'MoldData object (425)', 3, '', 10, 1),
(399, '2022-08-24 08:26:32.218501', '424', 'MoldData object (424)', 3, '', 10, 1),
(400, '2022-08-24 08:26:32.219533', '423', 'MoldData object (423)', 3, '', 10, 1),
(401, '2022-08-24 08:26:32.221114', '422', 'MoldData object (422)', 3, '', 10, 1),
(402, '2022-08-24 08:26:32.222452', '421', 'MoldData object (421)', 3, '', 10, 1),
(403, '2022-08-24 08:26:32.223480', '420', 'MoldData object (420)', 3, '', 10, 1),
(404, '2022-08-24 08:26:32.224361', '419', 'MoldData object (419)', 3, '', 10, 1),
(405, '2022-08-24 08:26:32.226255', '418', 'MoldData object (418)', 3, '', 10, 1),
(406, '2022-08-24 08:26:32.227479', '417', 'MoldData object (417)', 3, '', 10, 1),
(407, '2022-08-24 08:26:32.228580', '416', 'MoldData object (416)', 3, '', 10, 1),
(408, '2022-08-24 08:26:32.229601', '415', 'MoldData object (415)', 3, '', 10, 1),
(409, '2022-08-24 08:26:32.231091', '414', 'MoldData object (414)', 3, '', 10, 1),
(410, '2022-08-24 08:26:32.232201', '413', 'MoldData object (413)', 3, '', 10, 1),
(411, '2022-08-24 08:26:32.233331', '412', 'MoldData object (412)', 3, '', 10, 1),
(412, '2022-08-24 08:26:32.234474', '411', 'MoldData object (411)', 3, '', 10, 1),
(413, '2022-08-24 08:26:32.236051', '410', 'MoldData object (410)', 3, '', 10, 1),
(414, '2022-08-24 08:26:32.237343', '409', 'MoldData object (409)', 3, '', 10, 1),
(415, '2022-08-24 08:26:32.239092', '408', 'MoldData object (408)', 3, '', 10, 1),
(416, '2022-08-24 08:26:32.240197', '407', 'MoldData object (407)', 3, '', 10, 1),
(417, '2022-08-24 08:26:32.241321', '406', 'MoldData object (406)', 3, '', 10, 1),
(418, '2022-08-24 08:26:32.242695', '405', 'MoldData object (405)', 3, '', 10, 1),
(419, '2022-08-24 08:26:32.244221', '404', 'MoldData object (404)', 3, '', 10, 1),
(420, '2022-08-24 08:26:32.245825', '403', 'MoldData object (403)', 3, '', 10, 1),
(421, '2022-08-24 08:26:32.247771', '402', 'MoldData object (402)', 3, '', 10, 1),
(422, '2022-08-24 08:26:32.249512', '401', 'MoldData object (401)', 3, '', 10, 1),
(423, '2022-08-24 08:26:32.250955', '400', 'MoldData object (400)', 3, '', 10, 1),
(424, '2022-08-24 08:26:32.252407', '399', 'MoldData object (399)', 3, '', 10, 1),
(425, '2022-08-24 08:26:32.255850', '398', 'MoldData object (398)', 3, '', 10, 1),
(426, '2022-08-24 08:26:32.257518', '397', 'MoldData object (397)', 3, '', 10, 1),
(427, '2022-08-24 08:26:32.259152', '396', 'MoldData object (396)', 3, '', 10, 1),
(428, '2022-08-24 08:26:32.261238', '395', 'MoldData object (395)', 3, '', 10, 1),
(429, '2022-08-24 08:26:32.263242', '394', 'MoldData object (394)', 3, '', 10, 1),
(430, '2022-08-24 08:26:32.264731', '393', 'MoldData object (393)', 3, '', 10, 1),
(431, '2022-08-24 08:26:32.266087', '392', 'MoldData object (392)', 3, '', 10, 1),
(432, '2022-08-24 08:26:32.267170', '391', 'MoldData object (391)', 3, '', 10, 1),
(433, '2022-08-24 08:26:32.270045', '390', 'MoldData object (390)', 3, '', 10, 1),
(434, '2022-08-24 08:26:32.272122', '389', 'MoldData object (389)', 3, '', 10, 1),
(435, '2022-08-24 08:26:32.273286', '388', 'MoldData object (388)', 3, '', 10, 1),
(436, '2022-08-24 08:26:32.274216', '387', 'MoldData object (387)', 3, '', 10, 1),
(437, '2022-08-24 08:26:32.275191', '386', 'MoldData object (386)', 3, '', 10, 1),
(438, '2022-08-24 08:26:32.277918', '385', 'MoldData object (385)', 3, '', 10, 1),
(439, '2022-08-24 08:26:32.279612', '384', 'MoldData object (384)', 3, '', 10, 1),
(440, '2022-08-24 08:26:32.280572', '383', 'MoldData object (383)', 3, '', 10, 1),
(441, '2022-08-24 08:26:32.282127', '382', 'MoldData object (382)', 3, '', 10, 1),
(442, '2022-08-24 08:26:32.285072', '381', 'MoldData object (381)', 3, '', 10, 1),
(443, '2022-08-24 08:26:32.288209', '380', 'MoldData object (380)', 3, '', 10, 1),
(444, '2022-08-24 08:26:32.290520', '379', 'MoldData object (379)', 3, '', 10, 1),
(445, '2022-08-24 08:26:32.291701', '378', 'MoldData object (378)', 3, '', 10, 1),
(446, '2022-08-24 08:26:32.294079', '377', 'MoldData object (377)', 3, '', 10, 1),
(447, '2022-08-24 08:26:32.295576', '376', 'MoldData object (376)', 3, '', 10, 1),
(448, '2022-08-24 08:26:32.296476', '375', 'MoldData object (375)', 3, '', 10, 1),
(449, '2022-08-24 08:26:32.298051', '374', 'MoldData object (374)', 3, '', 10, 1),
(450, '2022-08-24 08:26:32.299436', '373', 'MoldData object (373)', 3, '', 10, 1),
(451, '2022-08-24 08:26:32.301689', '372', 'MoldData object (372)', 3, '', 10, 1),
(452, '2022-08-24 08:26:32.302803', '371', 'MoldData object (371)', 3, '', 10, 1),
(453, '2022-08-24 08:26:37.765033', '370', 'MoldData object (370)', 3, '', 10, 1),
(454, '2022-08-24 08:26:37.767489', '369', 'MoldData object (369)', 3, '', 10, 1),
(455, '2022-08-24 08:26:37.769086', '368', 'MoldData object (368)', 3, '', 10, 1),
(456, '2022-08-24 08:26:37.770270', '367', 'MoldData object (367)', 3, '', 10, 1),
(457, '2022-08-24 08:26:37.771314', '366', 'MoldData object (366)', 3, '', 10, 1),
(458, '2022-08-24 08:26:37.772314', '365', 'MoldData object (365)', 3, '', 10, 1),
(459, '2022-08-24 08:26:37.773205', '364', 'MoldData object (364)', 3, '', 10, 1),
(460, '2022-08-24 08:26:37.774116', '363', 'MoldData object (363)', 3, '', 10, 1),
(461, '2022-08-24 08:26:37.775207', '362', 'MoldData object (362)', 3, '', 10, 1),
(462, '2022-08-24 08:26:37.776085', '361', 'MoldData object (361)', 3, '', 10, 1),
(463, '2022-08-24 08:26:37.776921', '360', 'MoldData object (360)', 3, '', 10, 1),
(464, '2022-08-24 08:26:37.777848', '359', 'MoldData object (359)', 3, '', 10, 1),
(465, '2022-08-24 08:26:37.778817', '358', 'MoldData object (358)', 3, '', 10, 1),
(466, '2022-08-24 08:26:37.779778', '357', 'MoldData object (357)', 3, '', 10, 1),
(467, '2022-08-24 08:26:37.780867', '356', 'MoldData object (356)', 3, '', 10, 1),
(468, '2022-08-24 08:26:37.781878', '355', 'MoldData object (355)', 3, '', 10, 1),
(469, '2022-08-24 08:26:37.783168', '354', 'MoldData object (354)', 3, '', 10, 1),
(470, '2022-08-24 08:26:37.784138', '353', 'MoldData object (353)', 3, '', 10, 1),
(471, '2022-08-24 08:26:37.785431', '352', 'MoldData object (352)', 3, '', 10, 1),
(472, '2022-08-24 08:26:37.786481', '351', 'MoldData object (351)', 3, '', 10, 1),
(473, '2022-08-24 08:26:37.787368', '350', 'MoldData object (350)', 3, '', 10, 1),
(474, '2022-08-24 08:26:37.788442', '349', 'MoldData object (349)', 3, '', 10, 1),
(475, '2022-08-24 08:26:37.789634', '348', 'MoldData object (348)', 3, '', 10, 1),
(476, '2022-08-24 08:26:37.790841', '347', 'MoldData object (347)', 3, '', 10, 1),
(477, '2022-08-24 08:26:37.792958', '346', 'MoldData object (346)', 3, '', 10, 1),
(478, '2022-08-24 08:26:37.794162', '345', 'MoldData object (345)', 3, '', 10, 1),
(479, '2022-08-24 08:26:37.795356', '344', 'MoldData object (344)', 3, '', 10, 1),
(480, '2022-08-24 08:26:37.796505', '343', 'MoldData object (343)', 3, '', 10, 1),
(481, '2022-08-24 08:26:37.797598', '342', 'MoldData object (342)', 3, '', 10, 1),
(482, '2022-08-24 08:26:37.798737', '341', 'MoldData object (341)', 3, '', 10, 1),
(483, '2022-08-24 08:26:37.802577', '340', 'MoldData object (340)', 3, '', 10, 1),
(484, '2022-08-24 08:26:37.804624', '339', 'MoldData object (339)', 3, '', 10, 1),
(485, '2022-08-24 08:26:37.807243', '338', 'MoldData object (338)', 3, '', 10, 1),
(486, '2022-08-24 08:26:37.808876', '337', 'MoldData object (337)', 3, '', 10, 1),
(487, '2022-08-24 08:26:37.810037', '336', 'MoldData object (336)', 3, '', 10, 1),
(488, '2022-08-24 08:26:37.810937', '335', 'MoldData object (335)', 3, '', 10, 1),
(489, '2022-08-24 08:26:37.811902', '334', 'MoldData object (334)', 3, '', 10, 1),
(490, '2022-08-24 08:26:37.813097', '333', 'MoldData object (333)', 3, '', 10, 1),
(491, '2022-08-24 08:26:37.814500', '332', 'MoldData object (332)', 3, '', 10, 1),
(492, '2022-08-24 08:26:37.815850', '331', 'MoldData object (331)', 3, '', 10, 1),
(493, '2022-08-24 08:26:37.817810', '330', 'MoldData object (330)', 3, '', 10, 1),
(494, '2022-08-24 08:26:37.819356', '329', 'MoldData object (329)', 3, '', 10, 1),
(495, '2022-08-24 08:26:37.820737', '328', 'MoldData object (328)', 3, '', 10, 1),
(496, '2022-08-24 08:26:37.822027', '327', 'MoldData object (327)', 3, '', 10, 1),
(497, '2022-08-24 08:26:37.823513', '326', 'MoldData object (326)', 3, '', 10, 1),
(498, '2022-08-24 08:26:37.824609', '325', 'MoldData object (325)', 3, '', 10, 1),
(499, '2022-08-24 08:26:37.825650', '324', 'MoldData object (324)', 3, '', 10, 1),
(500, '2022-08-24 08:26:37.826610', '323', 'MoldData object (323)', 3, '', 10, 1),
(501, '2022-08-24 08:26:37.827514', '322', 'MoldData object (322)', 3, '', 10, 1),
(502, '2022-08-24 08:26:37.829078', '321', 'MoldData object (321)', 3, '', 10, 1),
(503, '2022-08-24 08:26:37.830445', '320', 'MoldData object (320)', 3, '', 10, 1),
(504, '2022-08-24 08:26:37.832450', '319', 'MoldData object (319)', 3, '', 10, 1),
(505, '2022-08-24 08:26:37.834173', '318', 'MoldData object (318)', 3, '', 10, 1),
(506, '2022-08-24 08:26:37.835729', '317', 'MoldData object (317)', 3, '', 10, 1),
(507, '2022-08-24 08:26:37.836878', '316', 'MoldData object (316)', 3, '', 10, 1),
(508, '2022-08-24 08:26:37.837920', '315', 'MoldData object (315)', 3, '', 10, 1),
(509, '2022-08-24 08:26:37.839672', '314', 'MoldData object (314)', 3, '', 10, 1),
(510, '2022-08-24 08:26:37.840801', '313', 'MoldData object (313)', 3, '', 10, 1),
(511, '2022-08-24 08:26:37.841877', '312', 'MoldData object (312)', 3, '', 10, 1),
(512, '2022-08-24 08:26:37.842896', '311', 'MoldData object (311)', 3, '', 10, 1),
(513, '2022-08-24 08:26:37.843903', '310', 'MoldData object (310)', 3, '', 10, 1),
(514, '2022-08-24 09:01:19.612644', '1', 'Statistics object (1)', 3, '', 12, 1),
(515, '2022-08-24 09:01:19.617191', '2', 'Statistics object (2)', 3, '', 12, 1),
(516, '2022-08-24 09:01:19.619127', '3', 'Statistics object (3)', 3, '', 12, 1),
(517, '2022-08-24 09:01:19.620670', '4', 'Statistics object (4)', 3, '', 12, 1),
(518, '2022-08-24 09:05:49.383861', '5', 'Statistics object (5)', 3, '', 12, 1),
(519, '2022-08-24 09:05:49.386283', '6', 'Statistics object (6)', 3, '', 12, 1),
(520, '2022-08-24 09:08:15.446251', '7', 'Statistics object (7)', 3, '', 12, 1),
(521, '2022-08-24 09:08:15.450352', '8', 'Statistics object (8)', 3, '', 12, 1),
(522, '2022-08-24 09:24:00.109323', '9', 'Statistics object (9)', 3, '', 12, 1),
(523, '2022-08-24 09:49:44.038976', '7', 'Staff object (7)', 1, '[{\"added\": {}}]', 7, 1),
(524, '2022-08-24 09:50:03.472199', '7', 'Staff object (7)', 3, '', 7, 1);

-- --------------------------------------------------------

--
-- 資料表結構 `django_content_type`
--

CREATE TABLE `django_content_type` (
  `id` int(11) NOT NULL,
  `app_label` varchar(100) NOT NULL,
  `model` varchar(100) NOT NULL
) ENGINE=InnoDB DEFAULT CHARSET=utf8;

--
-- 傾印資料表的資料 `django_content_type`
--

INSERT INTO `django_content_type` (`id`, `app_label`, `model`) VALUES
(1, 'admin', 'logentry'),
(8, 'app', 'machine'),
(10, 'app', 'molddata'),
(9, 'app', 'process'),
(7, 'app', 'staff'),
(11, 'app', 'statics'),
(12, 'app', 'statistics'),
(3, 'auth', 'group'),
(2, 'auth', 'permission'),
(4, 'auth', 'user'),
(5, 'contenttypes', 'contenttype'),
(6, 'sessions', 'session');

-- --------------------------------------------------------

--
-- 資料表結構 `django_migrations`
--

CREATE TABLE `django_migrations` (
  `id` bigint(20) NOT NULL,
  `app` varchar(255) NOT NULL,
  `name` varchar(255) NOT NULL,
  `applied` datetime(6) NOT NULL
) ENGINE=InnoDB DEFAULT CHARSET=utf8;

--
-- 傾印資料表的資料 `django_migrations`
--

INSERT INTO `django_migrations` (`id`, `app`, `name`, `applied`) VALUES
(1, 'contenttypes', '0001_initial', '2022-08-19 03:56:26.017054'),
(2, 'auth', '0001_initial', '2022-08-19 03:56:26.552775'),
(3, 'admin', '0001_initial', '2022-08-19 03:56:26.669726'),
(4, 'admin', '0002_logentry_remove_auto_add', '2022-08-19 03:56:26.685952'),
(5, 'admin', '0003_logentry_add_action_flag_choices', '2022-08-19 03:56:26.697393'),
(6, 'contenttypes', '0002_remove_content_type_name', '2022-08-19 03:56:26.792370'),
(7, 'auth', '0002_alter_permission_name_max_length', '2022-08-19 03:56:26.840111'),
(8, 'auth', '0003_alter_user_email_max_length', '2022-08-19 03:56:26.886559'),
(9, 'auth', '0004_alter_user_username_opts', '2022-08-19 03:56:26.895537'),
(10, 'auth', '0005_alter_user_last_login_null', '2022-08-19 03:56:26.931363'),
(11, 'auth', '0006_require_contenttypes_0002', '2022-08-19 03:56:26.933152'),
(12, 'auth', '0007_alter_validators_add_error_messages', '2022-08-19 03:56:26.940149'),
(13, 'auth', '0008_alter_user_username_max_length', '2022-08-19 03:56:26.979955'),
(14, 'auth', '0009_alter_user_last_name_max_length', '2022-08-19 03:56:27.020944'),
(15, 'auth', '0010_alter_group_name_max_length', '2022-08-19 03:56:27.057180'),
(16, 'auth', '0011_update_proxy_permissions', '2022-08-19 03:56:27.065623'),
(17, 'auth', '0012_alter_user_first_name_max_length', '2022-08-19 03:56:27.105920'),
(18, 'sessions', '0001_initial', '2022-08-19 03:56:27.171105'),
(19, 'app', '0001_initial', '2022-08-19 04:48:28.489886'),
(20, 'app', '0002_machine_process', '2022-08-19 05:30:13.384280'),
(21, 'app', '0003_molddata', '2022-08-19 05:40:42.486363'),
(22, 'app', '0004_auto_20220819_1523', '2022-08-19 07:23:22.333625'),
(23, 'app', '0005_remove_molddata_status', '2022-08-19 07:24:56.223959'),
(24, 'app', '0006_molddata_status', '2022-08-19 07:25:09.384908'),
(25, 'app', '0007_alter_molddata_end_time', '2022-08-19 08:05:27.728843'),
(26, 'app', '0008_alter_molddata_end_time', '2022-08-19 08:57:15.583308'),
(27, 'app', '0009_alter_molddata_start_time', '2022-08-19 09:22:28.316041'),
(28, 'app', '0010_alter_molddata_start_time', '2022-08-19 09:28:52.566310'),
(29, 'app', '0011_auto_20220822_1339', '2022-08-22 05:39:23.630077'),
(30, 'app', '0012_auto_20220824_1531', '2022-08-24 07:31:06.330129'),
(31, 'app', '0013_auto_20220824_1616', '2022-08-24 08:16:20.028734'),
(32, 'app', '0014_auto_20220824_1639', '2022-08-24 08:39:14.735720');

-- --------------------------------------------------------

--
-- 資料表結構 `django_session`
--

CREATE TABLE `django_session` (
  `session_key` varchar(40) NOT NULL,
  `session_data` longtext NOT NULL,
  `expire_date` datetime(6) NOT NULL
) ENGINE=InnoDB DEFAULT CHARSET=utf8;

--
-- 傾印資料表的資料 `django_session`
--

INSERT INTO `django_session` (`session_key`, `session_data`, `expire_date`) VALUES
('7fryug1ekmh9fg17ijzwesqmzei0xo4s', '.eJxVjEEOwiAQRe_C2pABpGZcuvcMZJgBqRpISrtqvLtt0oVu_3vvryrQMpew9DSFUdRVGXX63SLxK9UdyJPqo2ludZ7GqHdFH7Tre5P0vh3u30GhXrYayZA4kSE6RI92ALhYjOhsZPEbNOw8g0FzzgI5k0XJmZGtc9kAqM8X4BU37A:1oOtve:rXubY9QTASbvC-K9kAzpSFAnZcPY-DiGGV4VG2pBkMk', '2022-09-02 04:48:18.230585'),
('e591nh085olhne6hrl4gflihpoevomft', '.eJxVjEEOwiAQRe_C2pABpGZcuvcMZJgBqRpISrtqvLtt0oVu_3vvryrQMpew9DSFUdRVGXX63SLxK9UdyJPqo2ludZ7GqHdFH7Tre5P0vh3u30GhXrYayZA4kSE6RI92ALhYjOhsZPEbNOw8g0FzzgI5k0XJmZGtc9kAqM8X4BU37A:1oQky7:dd7xflptAJfF5HKJxcLpdhOHQI-11pCA6ue0_u75NUs', '2022-09-07 07:38:31.876230');

--
-- 已傾印資料表的索引
--

--
-- 資料表索引 `app_machine`
--
ALTER TABLE `app_machine`
  ADD PRIMARY KEY (`id`);

--
-- 資料表索引 `app_molddata`
--
ALTER TABLE `app_molddata`
  ADD PRIMARY KEY (`id`),
  ADD KEY `app_molddata_machine_id_b95077ff_fk_app_machine_id` (`machine_id`),
  ADD KEY `app_molddata_process_id_7efbc531_fk_app_process_id` (`process_id`),
  ADD KEY `app_molddata_staff_id_66af1f95_fk_app_staff_id` (`staff_id`);

--
-- 資料表索引 `app_process`
--
ALTER TABLE `app_process`
  ADD PRIMARY KEY (`id`);

--
-- 資料表索引 `app_staff`
--
ALTER TABLE `app_staff`
  ADD PRIMARY KEY (`id`);

--
-- 資料表索引 `app_statistics`
--
ALTER TABLE `app_statistics`
  ADD PRIMARY KEY (`id`);

--
-- 資料表索引 `auth_group`
--
ALTER TABLE `auth_group`
  ADD PRIMARY KEY (`id`),
  ADD UNIQUE KEY `name` (`name`);

--
-- 資料表索引 `auth_group_permissions`
--
ALTER TABLE `auth_group_permissions`
  ADD PRIMARY KEY (`id`),
  ADD UNIQUE KEY `auth_group_permissions_group_id_permission_id_0cd325b0_uniq` (`group_id`,`permission_id`),
  ADD KEY `auth_group_permissio_permission_id_84c5c92e_fk_auth_perm` (`permission_id`);

--
-- 資料表索引 `auth_permission`
--
ALTER TABLE `auth_permission`
  ADD PRIMARY KEY (`id`),
  ADD UNIQUE KEY `auth_permission_content_type_id_codename_01ab375a_uniq` (`content_type_id`,`codename`);

--
-- 資料表索引 `auth_user`
--
ALTER TABLE `auth_user`
  ADD PRIMARY KEY (`id`),
  ADD UNIQUE KEY `username` (`username`);

--
-- 資料表索引 `auth_user_groups`
--
ALTER TABLE `auth_user_groups`
  ADD PRIMARY KEY (`id`),
  ADD UNIQUE KEY `auth_user_groups_user_id_group_id_94350c0c_uniq` (`user_id`,`group_id`),
  ADD KEY `auth_user_groups_group_id_97559544_fk_auth_group_id` (`group_id`);

--
-- 資料表索引 `auth_user_user_permissions`
--
ALTER TABLE `auth_user_user_permissions`
  ADD PRIMARY KEY (`id`),
  ADD UNIQUE KEY `auth_user_user_permissions_user_id_permission_id_14a6b632_uniq` (`user_id`,`permission_id`),
  ADD KEY `auth_user_user_permi_permission_id_1fbb5f2c_fk_auth_perm` (`permission_id`);

--
-- 資料表索引 `django_admin_log`
--
ALTER TABLE `django_admin_log`
  ADD PRIMARY KEY (`id`),
  ADD KEY `django_admin_log_content_type_id_c4bce8eb_fk_django_co` (`content_type_id`),
  ADD KEY `django_admin_log_user_id_c564eba6_fk_auth_user_id` (`user_id`);

--
-- 資料表索引 `django_content_type`
--
ALTER TABLE `django_content_type`
  ADD PRIMARY KEY (`id`),
  ADD UNIQUE KEY `django_content_type_app_label_model_76bd3d3b_uniq` (`app_label`,`model`);

--
-- 資料表索引 `django_migrations`
--
ALTER TABLE `django_migrations`
  ADD PRIMARY KEY (`id`);

--
-- 資料表索引 `django_session`
--
ALTER TABLE `django_session`
  ADD PRIMARY KEY (`session_key`),
  ADD KEY `django_session_expire_date_a5c62663` (`expire_date`);

--
-- 在傾印的資料表使用自動遞增(AUTO_INCREMENT)
--

--
-- 使用資料表自動遞增(AUTO_INCREMENT) `app_machine`
--
ALTER TABLE `app_machine`
  MODIFY `id` int(11) NOT NULL AUTO_INCREMENT, AUTO_INCREMENT=14;

--
-- 使用資料表自動遞增(AUTO_INCREMENT) `app_molddata`
--
ALTER TABLE `app_molddata`
  MODIFY `id` int(11) NOT NULL AUTO_INCREMENT, AUTO_INCREMENT=487;

--
-- 使用資料表自動遞增(AUTO_INCREMENT) `app_process`
--
ALTER TABLE `app_process`
  MODIFY `id` int(11) NOT NULL AUTO_INCREMENT, AUTO_INCREMENT=11;

--
-- 使用資料表自動遞增(AUTO_INCREMENT) `app_staff`
--
ALTER TABLE `app_staff`
  MODIFY `id` int(11) NOT NULL AUTO_INCREMENT, AUTO_INCREMENT=7;

--
-- 使用資料表自動遞增(AUTO_INCREMENT) `app_statistics`
--
ALTER TABLE `app_statistics`
  MODIFY `id` int(11) NOT NULL AUTO_INCREMENT, AUTO_INCREMENT=26;

--
-- 使用資料表自動遞增(AUTO_INCREMENT) `auth_group`
--
ALTER TABLE `auth_group`
  MODIFY `id` int(11) NOT NULL AUTO_INCREMENT;

--
-- 使用資料表自動遞增(AUTO_INCREMENT) `auth_group_permissions`
--
ALTER TABLE `auth_group_permissions`
  MODIFY `id` bigint(20) NOT NULL AUTO_INCREMENT;

--
-- 使用資料表自動遞增(AUTO_INCREMENT) `auth_permission`
--
ALTER TABLE `auth_permission`
  MODIFY `id` int(11) NOT NULL AUTO_INCREMENT, AUTO_INCREMENT=49;

--
-- 使用資料表自動遞增(AUTO_INCREMENT) `auth_user`
--
ALTER TABLE `auth_user`
  MODIFY `id` int(11) NOT NULL AUTO_INCREMENT, AUTO_INCREMENT=2;

--
-- 使用資料表自動遞增(AUTO_INCREMENT) `auth_user_groups`
--
ALTER TABLE `auth_user_groups`
  MODIFY `id` bigint(20) NOT NULL AUTO_INCREMENT;

--
-- 使用資料表自動遞增(AUTO_INCREMENT) `auth_user_user_permissions`
--
ALTER TABLE `auth_user_user_permissions`
  MODIFY `id` bigint(20) NOT NULL AUTO_INCREMENT;

--
-- 使用資料表自動遞增(AUTO_INCREMENT) `django_admin_log`
--
ALTER TABLE `django_admin_log`
  MODIFY `id` int(11) NOT NULL AUTO_INCREMENT, AUTO_INCREMENT=525;

--
-- 使用資料表自動遞增(AUTO_INCREMENT) `django_content_type`
--
ALTER TABLE `django_content_type`
  MODIFY `id` int(11) NOT NULL AUTO_INCREMENT, AUTO_INCREMENT=13;

--
-- 使用資料表自動遞增(AUTO_INCREMENT) `django_migrations`
--
ALTER TABLE `django_migrations`
  MODIFY `id` bigint(20) NOT NULL AUTO_INCREMENT, AUTO_INCREMENT=33;

--
-- 已傾印資料表的限制式
--

--
-- 資料表的限制式 `app_molddata`
--
ALTER TABLE `app_molddata`
  ADD CONSTRAINT `app_molddata_machine_id_b95077ff_fk_app_machine_id` FOREIGN KEY (`machine_id`) REFERENCES `app_machine` (`id`),
  ADD CONSTRAINT `app_molddata_process_id_7efbc531_fk_app_process_id` FOREIGN KEY (`process_id`) REFERENCES `app_process` (`id`),
  ADD CONSTRAINT `app_molddata_staff_id_66af1f95_fk_app_staff_id` FOREIGN KEY (`staff_id`) REFERENCES `app_staff` (`id`);

--
-- 資料表的限制式 `auth_group_permissions`
--
ALTER TABLE `auth_group_permissions`
  ADD CONSTRAINT `auth_group_permissio_permission_id_84c5c92e_fk_auth_perm` FOREIGN KEY (`permission_id`) REFERENCES `auth_permission` (`id`),
  ADD CONSTRAINT `auth_group_permissions_group_id_b120cbf9_fk_auth_group_id` FOREIGN KEY (`group_id`) REFERENCES `auth_group` (`id`);

--
-- 資料表的限制式 `auth_permission`
--
ALTER TABLE `auth_permission`
  ADD CONSTRAINT `auth_permission_content_type_id_2f476e4b_fk_django_co` FOREIGN KEY (`content_type_id`) REFERENCES `django_content_type` (`id`);

--
-- 資料表的限制式 `auth_user_groups`
--
ALTER TABLE `auth_user_groups`
  ADD CONSTRAINT `auth_user_groups_group_id_97559544_fk_auth_group_id` FOREIGN KEY (`group_id`) REFERENCES `auth_group` (`id`),
  ADD CONSTRAINT `auth_user_groups_user_id_6a12ed8b_fk_auth_user_id` FOREIGN KEY (`user_id`) REFERENCES `auth_user` (`id`);

--
-- 資料表的限制式 `auth_user_user_permissions`
--
ALTER TABLE `auth_user_user_permissions`
  ADD CONSTRAINT `auth_user_user_permi_permission_id_1fbb5f2c_fk_auth_perm` FOREIGN KEY (`permission_id`) REFERENCES `auth_permission` (`id`),
  ADD CONSTRAINT `auth_user_user_permissions_user_id_a95ead1b_fk_auth_user_id` FOREIGN KEY (`user_id`) REFERENCES `auth_user` (`id`);

--
-- 資料表的限制式 `django_admin_log`
--
ALTER TABLE `django_admin_log`
  ADD CONSTRAINT `django_admin_log_content_type_id_c4bce8eb_fk_django_co` FOREIGN KEY (`content_type_id`) REFERENCES `django_content_type` (`id`),
  ADD CONSTRAINT `django_admin_log_user_id_c564eba6_fk_auth_user_id` FOREIGN KEY (`user_id`) REFERENCES `auth_user` (`id`);
COMMIT;

/*!40101 SET CHARACTER_SET_CLIENT=@OLD_CHARACTER_SET_CLIENT */;
/*!40101 SET CHARACTER_SET_RESULTS=@OLD_CHARACTER_SET_RESULTS */;
/*!40101 SET COLLATION_CONNECTION=@OLD_COLLATION_CONNECTION */;
